Date,"Feb  1, 2026 to Mar  3, 2026"
Filters,"Sales Order Status: Pending, Processing, Ready to ship, Delivering, Delivered, Completed"

Name,SKU,Quantity Sold,Total Sales,Unit Type,Category,Subcategory,Group,Vendor,Product Owner,Unit Cost,Sale Price,Wholesale Price,Shipped From License,UPC
SRENE - 1/2 Ounce - O.B.X.,SRE-14.-MYL-OBX,1522,42594.00,Half Ounce,Marijuana Flowers/Buds-Packaged,14g Mylar,Wholesale,SSAC (C),James Ferrari,,30.00,,17334914845519714402,
SRENE - 1/2 Ounce - Stripper Glitter,SRE-14.-MYL-STG,1080,31554.00,Half Ounce,Marijuana Flowers/Buds-Packaged,14g Mylar,Wholesale,SSAC (C),Brandon Green,,30.00,,17334914845519714402,
SRENE - 1/2 Ounce - DayStripper,SRE-14.-MYL-DAY,823,24650.00,Half Ounce,Marijuana Flowers/Buds-Packaged,14g Mylar,Wholesale,SSAC (C),James Ferrari,,30.00,,17334914845519714402,
SRENE - 1/2 Ounce - Royale Grape,SRE-14.-MYL-ROG,758,22715.00,Half Ounce,Marijuana Flowers/Buds-Packaged,14g Mylar,Wholesale,SSAC (C),James Ferrari,,30.00,,17334914845519714402,
SRENE - 1/2 Ounce - BioFuel,SRE-14.-MYL-BIF,756,21930.00,Half Ounce,Marijuana Flowers/Buds-Packaged,14g Mylar,Wholesale,SSAC (C),James Ferrari,,30.00,,17334914845519714402,
SRENE - 1/2 Ounce - Zero Gravity,SRE-14.-MYL-ZRG,710,21125.00,Half Ounce,Marijuana Flowers/Buds-Packaged,14g Mylar,Wholesale,SSAC (C),James Ferrari,,30.00,,17334914845519714402,
SRENE - 3.5 grams - Jar - Sin City Funk,SRE-3.5-JAR-SCF,1250,18900.00,Eighth,Marijuana Flowers/Buds-Packaged,3.5g Jar,Wholesale,SSAC (C),James Ferrari,,16.00,,17334914845519714402,
SRENE - 1/2 Ounce - Space Junky,SRE-14.-MYL-SPJ,634,18270.00,Half Ounce,Marijuana Flowers/Buds-Packaged,14g Mylar,Wholesale,SSAC (C),Brandon Green,,30.00,,17334914845519714402,
SRENE - 3.5 grams - Jar - Strange Haze #8,SRE-3.5-JAR-STH,1188,17782.00,Eighth,Marijuana Flowers/Buds-Packaged,3.5g Jar,Wholesale,SSAC (C),Brandon Green,,16.00,,17334914845519714402,
SRENE - 3.5 grams - Jar - DayStripper,SRE-3.5-JAR-DAY,1105,17325.00,Eighth,Marijuana Flowers/Buds-Packaged,3.5g Jar,Wholesale,SSAC (C),James Ferrari,,16.00,,17334914845519714402,
SRENE - 1/2 Ounce - Sin City Funk,SRE-14.-MYL-SCF,570,17060.00,Half Ounce,Marijuana Flowers/Buds-Packaged,14g Mylar,Wholesale,SSAC (C),James Ferrari,,30.00,,17334914845519714402,
SRENE - 1/2 Ounce - Purple Slush,SRE-14.-MYL- PUS,543,15315.00,Half Ounce,Marijuana Flowers/Buds-Packaged,14g Mylar,Wholesale,SSAC (C),James Ferrari,,30.00,,17334914845519714402,
SRENE - 1/2 Ounce - GovernMint Oasis,SRE-14.-MYL-GOO,543,15137.00,Half Ounce,Marijuana Flowers/Buds-Packaged,14g Mylar,Wholesale,SSAC (C),James Ferrari,,30.00,,17334914845519714402,
SRENE - 1/2 Ounce - Tropicana Acai,SRE-14.-MYL-TRA,487,13235.00,Half Ounce,Marijuana Flowers/Buds-Packaged,14g Mylar,Wholesale,SSAC (C),Brandon Green,,30.00,,17334914845519714402,
SRENE - 3.5 grams - Jar - Space Junky,SRE-3.5-JAR-SPJ,825,12175.00,Eighth,Marijuana Flowers/Buds-Packaged,3.5g Jar,Wholesale,SSAC (C),Brandon Green,,16.00,,17334914845519714402,
SRENE - 3.5 grams - Jar - Royale Grape,SRE-3.5-JAR-ROG,748,11137.50,Eighth,Marijuana Flowers/Buds-Packaged,3.5g Jar,Wholesale,SSAC (C),James Ferrari,,16.00,,17334914845519714402,
SRENE - 1g Cart - Tropicana Acai Slush,SRE-1g-CRT-TAS,1060,10999.50,Unit,Non-Solvent Based Concentrate (Each),1g Cart,Wholesale,SSAC (P),Brandon Green,,12.00,,08542800532746610043,
SRENE - 1g Cart - DayStripper,SRE-1g-CRT-DSS,1000,10468.00,Unit,Non-Solvent Based Concentrate (Each),1g Cart,Wholesale,SSAC (P),Brandon Green,,12.00,,08542800532746610043,
VYBZ - 3.5 grams - O.B.X.,VYB-3.5-MYL-OBX,1075,10400.00,Eighth,Marijuana Flowers/Buds-Packaged,3.5g Mylar,Wholesale,SSAC (C),James Ferrari,,12.00,10.0,17334914845519714402,
SRENE - 1g Cart - Melonade,SRE-1g-CRT-MEL,900,9554.00,Unit,Non-Solvent Based Concentrate (Each),1g Cart,Wholesale,SSAC (P),Brandon Green,,12.00,,08542800532746610043,
LEVEL Protab - Sativa - 10pk - 25mg,LEV-PRO-10P-SAT,605,9420.00,Unit,Capsule/Tablet,LEVEL - 10pk,Wholesale,SSAC (P),,,16.00,16.0,08542800532746610043,
SRENE - 1g Cart - Strange Haze #8,SRE-1g-CRT-SH8,900,9368.00,Unit,Non-Solvent Based Concentrate (Each),1g Cart,Wholesale,SSAC (P),,,12.00,,08542800532746610043,
SRENE - 1g - Pre-roll - DayStripper,SRN-PRJ-DAS,2267,9260.00,Unit,Pre-rolled cigs/joints,1g Pre-Roll,Wholesale,SSAC (P),Brandon Green,,5.00,5.0,17334914845519714402,
LEVEL Protab - Indica - 10pk - 25mg,LEV-PRO-10P-IND,580,9020.00,Unit,Capsule/Tablet,LEVEL - 10pk,Wholesale,SSAC (P),,,16.00,16.0,08542800532746610043,
SRENE - 1/2 Ounce - Strange Haze #8,SRE-14.-MYL-STH,299,8970.00,Half Ounce,Marijuana Flowers/Buds-Packaged,14g Mylar,Wholesale,SSAC (C),James Ferrari,,30.00,,17334914845519714402,
SRENE - Sin City Funk - Pre Roll - .7g - 5 Pack,SRE- PRJ - SCF - .7 - 5pk,880,8860.00,Unit,Pre-rolled cigs/joints,5pk Pre-Roll,Wholesale,SSAC (C),Beau Meyer,,14.00,,17334914845519714402,
SRENE - 1/2 Ounce - Lemon Rope,SRE-14.-MYL-LER,281,8390.00,Half Ounce,Marijuana Flowers/Buds-Packaged,14g Mylar,Wholesale,SSAC (C),Brandon Green,,30.00,,17334914845519714402,
SRENE - 3.5 grams - Jar - Zero Gravity,SRE-3.5-JAR-ZEG,525,8250.00,Eighth,Marijuana Flowers/Buds-Packaged,3.5g Jar,Wholesale,SSAC (C),Brandon Green,,16.00,,17334914845519714402,
LEVEL Protab - Lights Out - 10pk - 20mg,LEV-PRO-10P-LO,500,8140.00,Unit,Capsule/Tablet,LEVEL - 10pk,Wholesale,SSAC (P),James Ferrari,,16.00,,08542800532746610043,
VYBZ - 3.5 grams - Tropicana Acai,VYB-3.5-MYL-TRA,738,7956.00,Eighth,Marijuana Flowers/Buds-Packaged,3.5g Mylar,Wholesale,SSAC (C),James Ferrari,,12.00,10.0,17334914845519714402,
SRENE - 1g Cart - Purple Haze,SRE-1g-CRT-PUH,760,7875.50,Unit,Non-Solvent Based Concentrate (Each),1g Cart,Wholesale,SSAC (P),Brandon Green,,12.00,,08542800532746610043,
SRENE - 1g Cart - Blueberry Moon,SRE-1g-CRT-BLM,685,7607.50,Unit,Non-Solvent Based Concentrate (Each),1g Cart,Wholesale,SSAC (P),Brandon Green,,12.00,12.0,08542800532746610043,
SRENE - 3.5 grams - Jar - Rose Sorbet,SRE-3.5-JAR-ROS,475,7600.00,Eighth,Marijuana Flowers/Buds-Packaged,3.5g Jar,Wholesale,SSAC (C),Brandon Green,,16.00,,17334914845519714402,
SRENE - 3.5 grams - Jar - Limesicle,SRE-3.5-JAR-LIM,475,7375.00,Eighth,Marijuana Flowers/Buds-Packaged,3.5g Jar,Wholesale,SSAC (C),Brandon Green,,16.00,,17334914845519714402,
SRENE - BioFuel - Pre Roll - .7g - 5 Pack,SRE- PRJ - BIO - .7 - 5pk,700,7000.00,Unit,Pre-rolled cigs/joints,5pk Pre-Roll,Wholesale,SSAC (C),Beau Meyer,,14.00,,17334914845519714402,
Packaging Services $1.50/unit,PKG - SER - 1.50,4441,6661.50,Unit,Services,Service Charge,,SRENE,James Ferrari,0.00,0.00,,,
LEVEL Hashtab - Sativa - 10pk - 25mg,LEV-HAS-10P-SAT,360,6560.00,Unit,Capsule/Tablet,LEVEL - 10pk,Wholesale,SSAC (P),,,20.00,20.0,08542800532746610043,
LEVEL Protab - Hybrid - 10pk - 25mg,LEV-PRO-10P-HYB,420,6520.00,Unit,Capsule/Tablet,LEVEL - 10pk,Wholesale,SSAC (P),,,16.00,16.0,08542800532746610043,
SRENE - 1/2 Ounce - Melonade,SRE-14.-MYL-MEL,215,6450.00,Half Ounce,Marijuana Flowers/Buds-Packaged,14g Mylar,Wholesale,SSAC (C),Brandon Green,,30.00,,17334914845519714402,
SRENE - 1g Cart - Strawberry Kush Cake,SRE-1g-CRT-SKC,610,6270.00,Unit,Non-Solvent Based Concentrate (Each),1g Cart,Wholesale,SSAC (P),,,12.00,,08542800532746610043,
SRENE - 1g Cart - Gas n' Peaches,SRE-1-CRT-GNP,550,6262.50,Unit,Non-Solvent Based Concentrate (Each),1g Cart,Wholesale,SSAC (P),Brandon Green,,12.00,,08542800532746610043,
SRENE - 3.5 grams - Jar - Lemon Rope,SRE-3.5-JAR-LEM,375,6000.00,Eighth,Marijuana Flowers/Buds-Packaged,3.5g Jar,Wholesale,SSAC (C),James Ferrari,,16.00,,17334914845519714402,
VYBZ - 3.5 grams - GovernMint Oasis,VYB-3.5-MYL-GOO,525,5500.00,Eighth,Marijuana Flowers/Buds-Packaged,3.5g Mylar,Wholesale,SSAC (C),James Ferrari,,12.00,,17334914845519714402,
VYBZ - 3.5 grams - Purple Slush,VYB-3.5-MYL-PUS,532,5384.00,Eighth,Marijuana Flowers/Buds-Packaged,3.5g Mylar,Wholesale,SSAC (C),James Ferrari,,12.00,10.0,17334914845519714402,
LEVEL Hashtab - Indica - 10pk - 25mg,LEV-HAS-10P-IND,280,5360.00,Unit,Capsule/Tablet,LEVEL - 10pk,Wholesale,SSAC (P),,,20.00,20.0,08542800532746610043,
SRENE - 1g Cart - Hella Jelly,SRE-1g-CRT-HEJ,525,5350.00,Unit,Non-Solvent Based Concentrate (Each),1g Cart,Wholesale,SSAC (P),Brandon Green,,12.00,,08542800532746610043,
SRENE - 1g - Pre-roll - Melonade,SRN-PRJ-MEL,1225,5225.00,Unit,Pre-rolled cigs/joints,1g Pre-Roll,Wholesale,SSAC (P),Brandon Green,,4.00,4.0,17334914845519714402,
SRENE - 1g - Pre-roll - Strange Haze #8,SRN-PRJ-STH,1061,5130.00,Unit,Pre-rolled cigs/joints,1g Pre-Roll,Wholesale,SSAC (P),Brandon Green,,5.00,4.0,17334914845519714402,
SRENE - Zero Gravity - Pre Roll - .7g - 5 Pack,SRE- PRJ - ZER - .7 - 5pk,475,4850.00,Unit,Pre-rolled cigs/joints,5pk Pre-Roll,Wholesale,SSAC (C),Beau Meyer,,14.00,,17334914845519714402,
SRENE - 3.5 grams - Jar - Purple Slush,SRE-3.5-JAR-PUR,300,4800.00,Eighth,Marijuana Flowers/Buds-Packaged,3.5g Jar,Wholesale,SSAC (C),Brandon Green,,16.00,,17334914845519714402,
SRENE - 1/2 Ounce - Limesicle,SRE-14.-MYL-LIS,160,4775.00,Half Ounce,Marijuana Flowers/Buds-Packaged,14g Mylar,Wholesale,SSAC (C),Brandon Green,,30.00,,17334914845519714402,
LEVEL Protab - Sativa - 10pk - 10mg,LEV-PRO-10P-SAT-10mg,600,4640.00,Unit,Capsule/Tablet,LEVEL - 10pk,Wholesale,SSAC (P),Brandon Green,,16.00,16.0,08542800532746610043,
SRENE - 1g - Pre-roll - O.B.X.,SRN-PRJ-OBX,1375,4550.00,Unit,Pre-rolled cigs/joints,1g Pre-Roll,Wholesale,SSAC (P),Brandon Green,,4.00,4.0,17334914845519714402,
SRENE - Royale Grape - Pre Roll - .7g - 5 Pack,SRE- PRJ - ROY - .7 - 5pk,450,4500.00,Unit,Pre-rolled cigs/joints,5pk Pre-Roll,Wholesale,SSAC (C),Beau Meyer,,14.00,,17334914845519714402,
SRENE - 1/2 Ounce - GovernMint Oasis (Smalls),SRE-14S-MYL-GOO,178,4450.00,Half Ounce,Small/Popcorn Buds-Packaged For Sale,14g Smalls Mylar,Wholesale,SSAC (C),James Ferrari,,25.00,,17334914845519714402,
SRENE - 1g Cart - Jet Fuel Acai,SRE-1g-CRT-JFA,400,4050.00,Unit,Non-Solvent Based Concentrate (Each),1g Cart,Wholesale,SSAC (P),Brandon Green,,12.00,,08542800532746610043,
SRENE - Space Junky - Pre Roll - .7g - 5 Pack,SRE- PRJ - SPA - .7 - 5pk,400,4000.00,Unit,Pre-rolled cigs/joints,5pk Pre-Roll,Wholesale,SSAC (C),Beau Meyer,,14.00,,17334914845519714402,
LEVEL Protab - Indica - 10pk - 10mg,LEV-PRO-10P-IND-10mg,500,3980.00,Unit,Capsule/Tablet,LEVEL - 10pk,Wholesale,SSAC (P),Brandon Green,,16.00,16.0,08542800532746610043,
SRENE - 1g Cart - Limesicle,SRE-1g-CRT-LIM,425,3900.00,Unit,Non-Solvent Based Concentrate (Each),1g Cart,Wholesale,SSAC (P),,,12.00,,08542800532746610043,
1mg SRENE Gummy - Cherry Cola - 100pk,SRENE-100-CHC,288,3800.00,Unit,Infused Edible,100pk Gummy,Wholesale,SSAC (P),Clinton Fontes,,17.50,,08542800532746610043,
SRENE - 1g AIO Cart - Blueberry Moon,SRE-1g-CRT-AIO-BLM,250,3750.00,Unit,Non-Solvent Based Concentrate (Each),1g AIO Cart,Wholesale,SSAC (P),Brandon Green,,15.00,,08542800532746610043,
1mg SRENE Gummy - Dragon Fruit Pineapple - 100pk,SRENE-100-DFP,278,3700.00,Unit,Infused Edible,100pk Gummy,Wholesale,SSAC (P),Clinton Fontes,,17.50,,08542800532746610043,
SRENE - 1g Cart - Tropical Breath,SRE-1g-CRT-TB,350,3626.00,Unit,Non-Solvent Based Concentrate (Each),1g Cart,Wholesale,SSAC (P),Brandon Green,,15.00,,08542800532746610043,
SRENE - 1g - Pre-roll - GovernMint Oasis,SRN-PRJ-GOV,1175,3550.00,Unit,Pre-rolled cigs/joints,1g Pre-Roll,Wholesale,SSAC (P),Brandon Green,,4.00,4.0,17334914845519714402,
SRENE - 1g Cart - Guava Diesel,SRE-1g-CRT-GD,335,3532.50,Unit,Non-Solvent Based Concentrate (Each),1g Cart,Wholesale,SSAC (P),Brandon Green,,12.00,12.0,08542800532746610043,
SRENE - 30ml Tincture - Rest and Recharge - 4:2:1:1 - 100mg,SRE-TNC-V30-R&R-100,350,3500.00,Unit,Tinctures (Each),Tinc - Rest&Recharge,Wholesale,SSAC (P),,,10.00,,08542800532746610043,
SRENE - Strange Haze #8 - Pre Roll - .7g - 5 Pack,SRE- PRJ - STR - .7 - 5pk,350,3500.00,Unit,Pre-rolled cigs/joints,5pk Pre-Roll,Wholesale,SSAC (C),Beau Meyer,,14.00,,17334914845519714402,
VYBZ - 1/2 Ounce - Peach Rings (Smalls),VYB-14S-MYL-PER,152,3344.00,Half Ounce,Small/Popcorn Buds-Packaged For Sale,14g Smalls Mylar,Wholesale,SSAC (C),Brandon Green,,25.00,,17334914845519714402,
SRENE - 1g - Pre-roll - Purple Haze,SRN-PRJ-PUH,725,3325.00,Unit,Pre-rolled cigs/joints,1g Pre-Roll,Wholesale,SSAC (P),Brandon Green,,5.00,5.0,17334914845519714402,
VYBZ - 3.5 grams - BioFuel,VYB-3.5-MYL-BIO,275,3300.00,Eighth,Marijuana Flowers/Buds-Packaged,3.5g Mylar,Wholesale,SSAC (C),Brandon Green,,12.00,10.0,17334914845519714402,
SRENE - 1g Cart - BioFuel,SRE-1g-CRT-BIO,325,3262.50,Unit,Non-Solvent Based Concentrate (Each),1g Cart,Wholesale,SSAC (P),Brandon Green,,12.00,15.0,08542800532746610043,
SRENE - 30ml Tincture - Rise and Shine 2:1:1 - 100mg,SRE-TNC-V30-R&S-100,300,3000.00,Unit,Tinctures (Each),Tinc - Rise&Shine,Wholesale,SSAC (P),,,10.00,,08542800532746610043,
SRENE - Rose Sorbet - Pre Roll - .7g - 5 Pack,SRE- PRJ - ROS - .7 - 5pk,300,3000.00,Unit,Pre-rolled cigs/joints,5pk Pre-Roll,Wholesale,SSAC (C),Beau Meyer,,14.00,,17334914845519714402,
VYBZ - 3.5 grams - Melonade,VYB-3.5-MYL-MEL,336,2888.00,Eighth,Marijuana Flowers/Buds-Packaged,3.5g Mylar,Wholesale,SSAC (C),Brandon Green,,12.00,10.0,17334914845519714402,
SRENE - 1g Cart - Honey Dew,SRE-1g-CRT-HON,250,2700.00,Unit,Non-Solvent Based Concentrate (Each),1g Cart,Wholesale,SSAC (P),Brandon Green,,12.00,15.0,08542800532746610043,
LEVEL Hashtab - Indica - 4pk - 25mg,LEV-HAS-4PK-IND,230,2640.00,Unit,Capsule/Tablet,LEVEL - 4pk,Wholesale,SSAC (P),,,12.00,12.0,08542800532746610043,
LEVEL Hashtab - Sativa - 4pk - 25mg,LEV-HAS-4PK-SAT,220,2560.00,Unit,Capsule/Tablet,LEVEL - 4pk,Wholesale,SSAC (P),,,12.00,12.0,08542800532746610043,
SRENE - 1g Cart - Lemon Haze,SRE-1g-CRT-LH,225,2500.00,Unit,Non-Solvent Based Concentrate (Each),1g Cart,Wholesale,SSAC (P),Brandon Green,,12.00,,08542800532746610043,
SRENE - 1g Cart - Guava Papaya Smoothie,SRE-1g-CRT-GPS,250,2400.00,Unit,Non-Solvent Based Concentrate (Each),1g Cart,Wholesale,SSAC (P),,,12.00,,08542800532746610043,
SRENE - 1g Cart - Fruity P,SRE-1g-CRT-FP,225,2300.50,Unit,Non-Solvent Based Concentrate (Each),1g Cart,Wholesale,SSAC (P),Brandon Green,,15.00,,08542800532746610043,
SRENE - 1g AIO Cart - Chem NV,SRE-1g-CRT-AIO-CHV,150,2250.00,Unit,Non-Solvent Based Concentrate (Each),1g AIO Cart,Wholesale,SSAC (P),Brandon Green,,15.00,,08542800532746610043,
SRENE - 1g AIO Cart - Fruity P,SRE-1g-CRT-AIO-FRP,150,2250.00,Unit,Non-Solvent Based Concentrate (Each),1g AIO Cart,Wholesale,SSAC (P),Brandon Green,,15.00,,08542800532746610043,
VYBZ - 1/2 Ounce - Pineapple Frizz (Smalls),VYB-14S-MYL-PIF,93,2046.00,Half Ounce,Small/Popcorn Buds-Packaged For Sale,14g Smalls Mylar,Wholesale,SSAC (C),Brandon Green,,25.00,,17334914845519714402,
SRENE - 1/2 Ounce - Rose Sorbet (Smalls),SRE-14S-MYL-ROS,81,2025.00,Half Ounce,Small/Popcorn Buds-Packaged For Sale,14g Smalls Mylar,Wholesale,SSAC (C),Brandon Green,,30.00,,17334914845519714402,
SRENE - 1g - Pre-roll - Purple Slush,SRN-PRJ-PUR,600,1975.00,Unit,Pre-rolled cigs/joints,1g Pre-Roll,Wholesale,SSAC (P),Brandon Green,,4.00,4.0,17334914845519714402,
SRENE - 1g AIO Cart - Tropicana Acai Slush,SRE-1g-CRT-AIO-TAS,150,1950.00,Unit,Non-Solvent Based Concentrate (Each),1g AIO Cart,Wholesale,SSAC (P),Brandon Green,,15.00,,08542800532746610043,
SRENE - 1g Cart - Chem NV,SRE-1g-CRT-CNV,200,1950.00,Unit,Non-Solvent Based Concentrate (Each),1g Cart,Wholesale,SSAC (P),Brandon Green,,12.00,,08542800532746610043,
SRENE - 1g - Pre-roll - BioFuel,SRN-PRJ-BIF,600,1950.00,Unit,Pre-rolled cigs/joints,1g Pre-Roll,Wholesale,SSAC (P),Brandon Green,,5.00,4.0,17334914845519714402,
SRENE - 1g - Pre-roll - Rose Sorbet,SRN-PRJ-ROS,550,1725.00,Unit,Pre-rolled cigs/joints,1g Pre-Roll,Wholesale,SSAC (P),Brandon Green,,5.00,4.0,17334914845519714402,
LEVEL Protab - Indica - 4pk - 25mg,LEV-PRO-4PK-IND,220,1720.00,Unit,Capsule/Tablet,LEVEL - 4pk,Wholesale,SSAC (P),,,8.00,8.0,08542800532746610043,
SRENE - 1g Cart - Sin City Funk,SRE-1g-CRT-SCF,150,1613.00,Unit,Non-Solvent Based Concentrate (Each),1g Cart,Wholesale,SSAC (P),Brandon Green,,12.00,,08542800532746610043,
LEVEL Protab - Indica - 2pk - 50mg,LEV-PRO-2P-IND,435,1610.00,Unit,Capsule/Tablet,LEVEL - 2pk,Wholesale,SSAC (P),James Ferrari,,6.00,,08542800532746610043,
LEVEL Protab - Sativa - 2pk - 50mg,LEV-PRO-2P-SAT,445,1590.00,Unit,Capsule/Tablet,LEVEL - 2pk,Wholesale,SSAC (P),James Ferrari,,6.00,,08542800532746610043,
SRENE - 1g Cart - Purple Slush,SRE-1g-CRT-PSS,150,1550.00,Unit,Non-Solvent Based Concentrate (Each),1g Cart,Wholesale,SSAC (P),Brandon Green,,12.00,,08542800532746610043,
LEVEL Protab - Sativa - 4pk - 25mg,LEV-PRO-4PK-SAT,193,1514.00,Unit,Capsule/Tablet,LEVEL - 4pk,Wholesale,SSAC (P),,,8.00,8.0,08542800532746610043,
SRENE - 1/2 Ounce - Zero Gravity (Smalls),SRE-14S-MYL-ZER,60,1500.00,Half Ounce,Small/Popcorn Buds-Packaged For Sale,14g Smalls Mylar,Wholesale,SSAC (C),Brandon Green,,25.00,,17334914845519714402,
SRENE - 1g AIO Cart - Jet Fuel Acai,SRE-1g-CRT-AIO-JFA,100,1500.00,Unit,Non-Solvent Based Concentrate (Each),1g AIO Cart,Wholesale,SSAC (P),Brandon Green,,15.00,,08542800532746610043,
SRENE - 1g AIO Cart - BubbleGum Gary,SRE-1g-CRT-AIO-BGG,100,1500.00,Unit,Non-Solvent Based Concentrate (Each),1g AIO Cart,Wholesale,SSAC (P),Brandon Green,,15.00,,08542800532746610043,
SRENE - 1g AIO Cart - Hella Jelly,SRE-1g-CRT-AIO-HEJ,100,1500.00,Unit,Non-Solvent Based Concentrate (Each),1g AIO Cart,Wholesale,SSAC (P),Brandon Green,,15.00,,08542800532746610043,
SRENE - 1g AIO Cart - DayStripper,SRE-1g-CRT-AIO-DAS,100,1500.00,Unit,Non-Solvent Based Concentrate (Each),1g AIO Cart,Wholesale,SSAC (P),Brandon Green,,15.00,,08542800532746610043,
SRENE - 1/2 Ounce - Limesicle (Smalls),SRE-14.-MYL-LIS-S,48,1200.00,Half Ounce,Small/Popcorn Buds-Packaged For Sale,14g Smalls Mylar,Wholesale,SSAC (C),Brandon Green,,30.00,,17334914845519714402,
SRENE - 1g Cart - BubbleGum Gary,SRE-1g-CRT-BBG,100,1200.00,Unit,Non-Solvent Based Concentrate (Each),1g Cart,Wholesale,SSAC (P),,,12.00,,08542800532746610043,
SRENE - 1g - Pre-roll - Tropicana Acai,SRN-PRJ-TRA,350,1175.00,Unit,Pre-rolled cigs/joints,1g Pre-Roll,Wholesale,SSAC (P),Brandon Green,,4.00,4.0,17334914845519714402,
SRENE - Purple Slush - Pre Roll - .7g - 5 Pack,SRE- PRJ - PUR - .7 - 5pk,107,1070.00,Unit,Pre-rolled cigs/joints,5pk Pre-Roll,Wholesale,SSAC (C),Beau Meyer,,14.00,,17334914845519714402,
Bud - BioFuel,SRE-BUD-BIF,454,998.80,Gram,Marijuana Flowers/Buds,Bulk Flower,Wholesale,SRENE,Garrett Irwin,,2.20,2.2,17334914845519714402,
Bud - Royale Grape,SRE-BUD-ROG,454,998.80,Gram,Marijuana Flowers/Buds,Bulk Flower,Wholesale,SSAC (C),Daniel Maier,,2.20,2.2,17334914845519714402,
Bud - Lemon Rope,SRE-BUD-LER,454,998.80,Gram,Marijuana Flowers/Buds,Bulk Flower,Wholesale,SSAC (C),Daniel Maier,,2.20,,17334914845519714402,
SRENE - 1g Cart - White Out,SRE-1g-CRT-WHO,100,900.00,Unit,Non-Solvent Based Concentrate (Each),1g Cart,Wholesale,SSAC (P),James Ferrari,,15.00,15.0,08542800532746610043,
VYBZ - 1/2 Ounce - Peach Rings,VYB-14-MYL-PER,35,845.00,Half Ounce,Marijuana Flowers/Buds-Packaged,14g Mylar,Wholesale,SSAC (C),Brandon Green,,25.00,,17334914845519714402,
SRENE - 1g - Pre-roll - Zero Gravity,SRN-PRJ-ZEG,200,800.00,Unit,Pre-rolled cigs/joints,1g Pre-Roll,Wholesale,SSAC (P),Brandon Green,,5.00,4.0,17334914845519714402,
SRENE - 1g AIO Cart - Tropical Breath,SRE-1g-CRT-AIO-TRB,50,750.00,Unit,Non-Solvent Based Concentrate (Each),1g AIO Cart,Wholesale,SSAC (P),Brandon Green,,15.00,,08542800532746610043,
SRENE - 1g AIO Cart - Guava Diesel,SRE-1g-CRT-AIO-GD,50,750.00,Unit,Non-Solvent Based Concentrate (Each),1g AIO Cart,Wholesale,SSAC (P),Brandon Green,,15.00,,08542800532746610043,
SRENE - 1g AIO Cart - Lemon Haze,SRE-1g-CRT-AIO-LEH,50,750.00,Unit,Non-Solvent Based Concentrate (Each),1g AIO Cart,Wholesale,SSAC (P),Brandon Green,,15.00,,08542800532746610043,
SRENE - 1g Cart - Royale Haze,SRE-1g-CRT-ROH,50,450.00,Unit,Non-Solvent Based Concentrate (Each),1g Cart,Wholesale,SSAC (P),Brandon Green,,12.00,12.0,08542800532746610043,
10mg SRENE Gummy - Hibiscus Elderberry - 10pk,SRENE-10P-HEB,50,425.00,Unit,Infused Edible,10pk Gummy,Wholesale,SSAC (P),Clinton Fontes,,9.00,,08542800532746610043,
Vybz - 1g - Pre-roll - GovernMint Oasis,VYB-PRJ-GOO,50,200.00,Unit,Pre-rolled cigs/joints,1g Pre-Roll,Wholesale,SSAC (P),James Ferrari,,5.00,5.0,17334914845519714402,
LEVEL Protab - Hybrid - 2pk - 50mg,LEV-PRO-2P-HYB,40,160.00,Unit,Capsule/Tablet,LEVEL - 2pk,Wholesale,SSAC (P),James Ferrari,,6.00,,08542800532746610043,
SRENE - 1/2 Ounce - Tropicana Acai (Smalls),SRE-14S-MYL-TRA,6,132.00,Half Ounce,Small/Popcorn Buds-Packaged For Sale,14g Smalls Mylar,Wholesale,SSAC (C),Brandon Green,,25.00,,17334914845519714402,
Vybz - 1g - Pre-roll - Tropicana Acai,VYB-PRJ-TRA,50,100.00,Unit,Pre-rolled cigs/joints,1g Pre-Roll,Wholesale,SSAC (P),Brandon Green,,5.00,4.0,17334914845519714402,
3P - DRH - 1/2 Ounce - Acai Cookies,3P - DRH - 1/2 - ACA,2087,20.87,Half Ounce,Services,14 gram - SERVICES,Third Party Services,Tahoe - Reno Botanicals LLC,Brandon Green,,0.00,,08542800532746610043,
3P - DRH - 1/2 Ounce - Oreoz,3P - DRH - 1/2 - ORE,905,9.05,Half Ounce,Services,14 gram - SERVICES,Third Party Services,Tahoe - Reno Botanicals LLC,Brandon Green,,0.00,,08542800532746610043,
SRENE - 1g - Pre-roll - DayStripper - TESTER,SRN-PRJ-DAS-T,319,3.19,Unit,Pre-rolled cigs/joints,1g Pre-Roll,Tester,SSAC (P),Jonathan  Shimamura,,0.01,5.0,17334914845519714402,
3P - DRH - 1/2 Ounce - Dolato,3P - DRH - 1/2 - DOL,305,3.05,Half Ounce,Services,14 gram - SERVICES,Third Party Services,Tahoe - Reno Botanicals LLC,Brandon Green,,0.00,,08542800532746610043,
3P - DRH - 1/2 Ounce - Khalifa Kush,3P - DRH - 1/2 - KHA,250,2.50,Half Ounce,Services,14 gram - SERVICES,Third Party Services,Tahoe - Reno Botanicals LLC,Brandon Green,,0.00,,08542800532746610043,
SRENE - Bad Boy Infused Hot Sauce - 100mg - TESTER,SRE-BBH-1OZ-T,150,1.50,Unit,Infused Edible,Hot Sauce - 1oz,Tester,SSAC (P),,,0.01,,08542800532746610043,
SRENE - 1g - Pre-roll - Melonade - TESTER,SRN-PRJ-MEL-T,138,1.38,Unit,Pre-rolled cigs/joints,1g Pre-Roll,Tester,SSAC (P),Jonathan  Shimamura,,0.01,4.0,17334914845519714402,
SRENE - 3.5 grams - Jar - Rose Sorbet - TESTER,SRE-3.5-JAR-ROS-T,105,1.05,Eighth,Marijuana Flowers/Buds-Packaged,3.5g Jar,Tester,SSAC (C),Jonathan  Shimamura,,0.01,,17334914845519714402,
SRENE - Bad Boy Infused Hot Sauce - 100mg - PROMO,SRE-BBH-1OZ-P,100,1.00,Unit,Infused Edible,Hot Sauce - 1oz,Promo,SSAC (P),,,0.01,,08542800532746610043,
VYBZ - 3.5 grams - Tropicana Acai - TESTER,VYB-3.5-MYL-TRA-T,99,0.99,Eighth,Marijuana Flowers/Buds-Packaged,3.5g Mylar,Tester,SSAC (C),Jonathan  Shimamura,,0.01,0.01,17334914845519714402,
SRENE - BioFuel - Pre Roll - .7g - 5 Pack - TESTER,SRE- PRJ - BIO - .7 - 5pk-T,92,0.92,Unit,Pre-rolled cigs/joints,5pk Pre-Roll,Tester,SSAC (C),Jonathan  Shimamura,,0.01,,17334914845519714402,
SRENE - 1g Cart - Strange Haze #8 - TESTER,SRE-1g-CRT-SH8-T,82,0.82,Unit,Non-Solvent Based Concentrate (Each),1g Cart,Tester,SSAC (P),Jonathan  Shimamura,,0.01,,08542800532746610043,
LEVEL Protab - Sativa - 10pk - 10mg - PROMO,LEV-PRO-10P-SAT-10mg-P,80,0.80,Unit,Capsule/Tablet,LEVEL - 10pk,Promo,SSAC (P),Jonathan  Shimamura,,0.01,16.0,08542800532746610043,
LEVEL Protab - Indica - 10pk - 10mg - PROMO,LEV-PRO-10P-IND-10mg-P,80,0.80,Unit,Capsule/Tablet,LEVEL - 10pk,Promo,SSAC (P),Jonathan  Shimamura,,0.01,16.0,08542800532746610043,
3P - DRH - 1/2 Ounce - Sticky Bunz,3P - DRH - 1/2 - STI,74,0.74,Half Ounce,Services,14 gram - SERVICES,Third Party Services,Tahoe - Reno Botanicals LLC,Brandon Green,,0.00,,08542800532746610043,
LEVEL Protab - Indica - 2pk - 50mg - PROMO,LEV-PRO-2P-IND-P,60,0.60,Unit,Capsule/Tablet,LEVEL - 2pk,Promo,SSAC (P),Clint Davidson,,0.01,,08542800532746610043,
LEVEL Protab - Sativa - 2pk - 50mg - PROMO,LEV-PRO-2P-SAT-P,60,0.60,Unit,Capsule/Tablet,LEVEL - 2pk,Promo,SSAC (P),Clint Davidson,,0.01,,08542800532746610043,
LEVEL Protab - Sativa - 10pk - 10mg - TESTER,LEV-PRO-10P-SAT-10mg -T,55,0.55,Unit,Capsule/Tablet,LEVEL - 10pk,Tester,SSAC (P),Jonathan  Shimamura,,0.01,16.0,08542800532746610043,
LEVEL Protab - Indica - 10pk - 10mg - TESTER,LEV-PRO-10P-IND-10mg-T,55,0.55,Unit,Capsule/Tablet,LEVEL - 10pk,Tester,SSAC (P),Jonathan  Shimamura,,0.01,16.0,08542800532746610043,
SRENE - 1g AIO Cart - Guava Diesel - TESTER,SRE-1g-CRT-AIO-GD-T,50,0.50,Unit,Non-Solvent Based Concentrate (Each),1g AIO Cart,Tester,SSAC (P),Jonathan  Shimamura,,0.01,,08542800532746610043,
SRENE - 1g Cart - Purple Haze - TESTER,SRE-1g-CRT-PUH-T,46,0.46,Unit,Non-Solvent Based Concentrate (Each),1g Cart,Tester,SSAC (P),Jonathan  Shimamura,,0.01,,08542800532746610043,
Vybz - 1g - Pre-roll - GovernMint Oasis - TESTER,VYB-PRJ-GOO-T,40,0.40,Unit,Pre-rolled cigs/joints,1g Pre-Roll,Tester,SSAC (P),Jake Winn,,0.01,4.0,17334914845519714402,
SRENE - Royale Grape - Pre Roll - .7g - 5 Pack - TESTER,SRE- PRJ - ROY - .7 - 5pk-T,37,0.37,Unit,Pre-rolled cigs/joints,5pk Pre-Roll,Tester,SSAC (C),Jonathan  Shimamura,,0.01,,17334914845519714402,
1mg SRENE Gummy - Dragon Fruit Pineapple - 100pk - TESTER,SRENE-100-DFP-T,36,0.36,Unit,Infused Edible,100pk Gummy,Tester,SSAC (P),Jonathan  Shimamura,,0.01,,08542800532746610043,
1mg SRENE Gummy - Cherry Cola - 100pk - TESTER,SRENE-100-CHC-T,36,0.36,Unit,Infused Edible,100pk Gummy,Tester,SSAC (P),Jonathan  Shimamura,,0.01,,08542800532746610043,
SRENE - 3.5 grams - Jar - DayStripper - TESTER,SRE-3.5-JAR-DAY-T,35,0.35,Eighth,Marijuana Flowers/Buds-Packaged,3.5g Jar,Tester,SSAC (C),,,0.01,,17334914845519714402,
SRENE - Space Junky - Pre Roll - .7g - 5 Pack - TESTER,SRE- PRJ - SPA - .7 - 5pk-T,35,0.35,Unit,Pre-rolled cigs/joints,5pk Pre-Roll,Tester,SSAC (C),Jonathan  Shimamura,,0.01,,17334914845519714402,
SRENE - Zero Gravity - Pre Roll - .7g - 5 Pack - TESTER,SRE- PRJ - ZER - .7 - 5pk -T,29,0.29,Unit,Pre-rolled cigs/joints,5pk Pre-Roll,Tester,SSAC (C),Jonathan  Shimamura,,0.01,,17334914845519714402,
SRENE - 1g Cart - DayStripper - TESTER,SRE-1g-CRT-DSS-T,29,0.29,Unit,Non-Solvent Based Concentrate (Each),1g Cart,Tester,SSAC (P),Jonathan  Shimamura,,0.01,,08542800532746610043,
SRENE - 1g Cart - Guava Diesel - TESTER,SRE-1g-CRT-GD-T,25,0.25,Unit,Non-Solvent Based Concentrate (Each),1g Cart,Tester,SSAC (P),Jonathan  Shimamura,,0.01,12.0,08542800532746610043,
SRENE - 1g AIO Cart - Royale Haze - TESTER,SRE-1g-CRT-AIO-ROH-T,25,0.25,Unit,Non-Solvent Based Concentrate (Each),1g AIO Cart,Tester,SSAC (P),Jonathan  Shimamura,,0.01,,08542800532746610043,
SRENE - 3.5 grams - Jar - Strange Haze #8 - TESTER,SRE-3.5-JAR-STH-T,25,0.25,Eighth,Marijuana Flowers/Buds-Packaged,3.5g Jar,Tester,SSAC (C),,,0.01,,17334914845519714402,
SRENE - 1g Cart - Tropicana Acai Slush - TESTER,SRE-1g-CRT-TAS-T,22,0.22,Unit,Non-Solvent Based Concentrate (Each),1g Cart,Tester,SSAC (P),Jonathan  Shimamura,,0.01,,08542800532746610043,
SRENE - Sin City Funk - Pre Roll - .7g - 5 Pack - TESTER,SRE- PRJ - SCF - .7 - 5pk-T,21,0.21,Unit,Pre-rolled cigs/joints,5pk Pre-Roll,Tester,SSAC (C),Jonathan  Shimamura,,0.01,,17334914845519714402,
2mg SRENE Gummy - Strawberry Champagne - 50pk,SRENE-50P-STC,20,0.20,Unit,Infused Edible,50pk Gummy,Wholesale,SSAC (P),Clinton Fontes,,11.50,,08542800532746610043,
SRENE - 30ml Tincture - Rise and Shine - 2:1:1 - 100mg - TESTER,SRE-TNC-V30-R&S-T,19,0.19,Unit,Tinctures (Each),Tinc - Rise&Shine,Tester,SSAC (P),Jake Winn,,0.01,,08542800532746610043,
SRENE - 1g AIO Cart - Tropicana Acai Slush - TESTER,SRE-1g-CRT-AIO-TAS-T,19,0.19,Unit,Non-Solvent Based Concentrate (Each),1g AIO Cart,Tester,SSAC (P),Jonathan  Shimamura,,0.01,,08542800532746610043,
SRENE - 3.5 grams - Jar - Space Junky - TESTER,SRE-3.5-JAR-SPJ-T,14,0.14,Eighth,Marijuana Flowers/Buds-Packaged,3.5g Jar,Tester,SSAC (C),Brandon Green,12.00,0.01,0.01,17334914845519714402,
SRENE - 1/2 Ounce - Melonade - TESTER,SRE-14.-MYL-MEL-T,10,0.10,Half Ounce,Marijuana Flowers/Buds-Packaged,14g Mylar,Tester,SSAC (C),Jonathan  Shimamura,,0.01,,17334914845519714402,
SRENE - 30ml Tincture - Rest and Recharge - 4:2:1:1 - 100mg - TESTER,SRE-TNC-V30-R&R-T,10,0.10,Unit,Tinctures (Each),Tinc - Rest&Recharge,Tester,SSAC (P),Jake Winn,,0.01,,08542800532746610043,
SRENE - 1g Cart - BioFuel - TESTER,SRE-1g-CRT-BIO-T,10,0.10,Unit,Non-Solvent Based Concentrate (Each),1g Cart,Tester,SSAC (P),Brandon Green,,0.01,15.0,08542800532746610043,
SRENE - 1/2 Ounce - Strange Haze #8 - TESTER,SRE-14.-MYL-STH-T,9,0.09,Half Ounce,Marijuana Flowers/Buds-Packaged,14g Mylar,Tester,SSAC (C),,,0.01,,17334914845519714402,
SRENE - Melonade - Pre Roll - .7g - 2 Pack - TESTER,SRE- PRJ - MEL - 2pk-T,9,0.09,Unit,Pre-rolled cigs/joints,2pk Pre-Roll,Tester,SSAC (C),Jonathan  Shimamura,,0.01,,17334914845519714402,
SRENE - 1g AIO Cart - Blueberry Moon - TESTER,SRE-1g-CRT-AIO-BLM -T,7,0.07,Unit,Non-Solvent Based Concentrate (Each),1g AIO Cart,Tester,SSAC (P),Jonathan  Shimamura,,0.01,,08542800532746610043,
LEVEL Hashtab - Sativa - 4pk - 25mg - TESTER,LEV-HAS-4PK-SAT-T,5,0.05,Unit,Capsule/Tablet,LEVEL - 4pk,Tester,SSAC (P),Clint Davidson,,0.01,,08542800532746610043,
LEVEL Hashtab - Indica - 4pk - 25mg - TESTER,LEV-HAS-4PK-IND-T,5,0.05,Unit,Capsule/Tablet,LEVEL - 4pk,Tester,SSAC (P),,,0.01,,08542800532746610043,
SRENE - 3.5 grams - Jar - Royale Grape - DISPLAY,SRE-3.5-JAR-ROG-D,4,0.04,Eighth,Marijuana Flowers/Buds-Packaged,3.5g Jar,Display,SSAC (C),Jonathan  Shimamura,,0.01,,17334914845519714402,
VYBZ - 3.5 grams - O.B.X. - DISPLAY,VYB-3.5-MYL-OBX-D,4,0.04,Eighth,Marijuana Flowers/Buds-Packaged,3.5g Mylar,Display,SSAC (C),Jonathan  Shimamura,,0.01,12.5,17334914845519714402,
SRENE - 3.5 grams - Jar - Space Junky- DISPLAY,SRE-3.5-JAR-SPJ-D,3,0.03,Eighth,Marijuana Flowers/Buds-Packaged,3.5g Jar,Display,SSAC (C),Jonathan  Shimamura,,0.01,18.0,17334914845519714402,
SRENE - 3.5 grams - Jar - Strange Haze #8 - DISPLAY,SRE-3.5-JAR-STH-D,3,0.03,Eighth,Marijuana Flowers/Buds-Packaged,3.5g Jar,Display,SSAC (C),,,0.01,,17334914845519714402,
SRENE - 1g Cart - BubbleGum Gary - TESTER,SRE-1g-CRT-BBG -T,3,0.03,Unit,Non-Solvent Based Concentrate (Each),1g Cart,Tester,SSAC (P),Jonathan  Shimamura,,0.01,,08542800532746610043,
SRENE - 3.5 grams - Jar - Sin City Funk - DISPLAY,SRE-3.5-JAR-SCF-D,3,0.03,Eighth,Marijuana Flowers/Buds-Packaged,3.5g Jar,Display,SSAC (C),Jonny Becerra,,0.01,,17334914845519714402,
VYBZ - 3.5 grams - O.B.X.- TESTER,VYB-3.5-MYL-OBX-T,2,0.02,Eighth,Marijuana Flowers/Buds-Packaged,3.5g Mylar,Tester,SSAC (C),Jonathan  Shimamura,,0.01,12.5,17334914845519714402,
VYBZ - 3.5 grams - Purple Slush - TESTER,VYB-3.5-MYL-PUS-T,2,0.02,Eighth,Marijuana Flowers/Buds-Packaged,3.5g Mylar,Tester,SSAC (C),James Ferrari,,0.01,,17334914845519714402,
VYBZ - 3.5 grams - Melonade - DISPLAY,VYB-3.5-MYL-MEL-D,2,0.02,Eighth,Marijuana Flowers/Buds-Packaged,3.5g Mylar,Display,SSAC (C),Jonathan  Shimamura,,0.01,10.0,17334914845519714402,
SRENE - 3.5 grams - Jar - Limesicle - DISPLAY,SRE-3.5-JAR-LIM-D,2,0.02,Eighth,Marijuana Flowers/Buds-Packaged,3.5g Jar,Display,SSAC (C),Jonathan  Shimamura,,0.01,,17334914845519714402,
SRENE - 1/2 Ounce - Stripper Glitter - TESTER,SRE-14.-MYL-STG-T,2,0.02,Half Ounce,Marijuana Flowers/Buds-Packaged,14g Mylar,Tester,SSAC (C),Jonathan  Shimamura,,0.01,,17334914845519714402,
SRENE - Rose Sorbet - Pre Roll - .7g - 5 Pack - TESTER,SRE- PRJ - ROS - .7 - 5pk-T,2,0.02,Unit,Pre-rolled cigs/joints,5pk Pre-Roll,Tester,SSAC (C),Jonathan  Shimamura,,0.01,,17334914845519714402,
SRENE - 3.5 grams - Jar - Zero Gravity - DISPLAY,SRE-3.5-JAR-ZEG-D,2,0.02,Eighth,Marijuana Flowers/Buds-Packaged,3.5g Jar,Display,SSAC (C),Jonathan  Shimamura,,0.01,,17334914845519714402,
VYBZ - 3.5 grams - Purple Slush - DISPLAY,VYB-3.5-MYL-PUS-D,2,0.02,Eighth,Marijuana Flowers/Buds-Packaged,3.5g Mylar,Display,SSAC (C),James Ferrari,,0.01,,17334914845519714402,
Bud - GovernMint Oasis,SRE-BUD-GOO,1691,0.01,Gram,Marijuana Flowers/Buds,Bulk Flower,Wholesale,SSAC (C),Garrett Irwin,,2.20,2.2,17334914845519714402,
SRENE - 1/2 Ounce - BioFuel - TESTER,SRE-14.-MYL-BIF-T,1,0.01,Half Ounce,Marijuana Flowers/Buds-Packaged,14g Mylar,Tester,SSAC (C),Jonathan  Shimamura,,0.01,,17334914845519714402,
SRENE - 3.5 grams - Jar - Stripper Glitter - DISPLAY,SRE-3.5-JAR-STG-D,1,0.01,Eighth,Marijuana Flowers/Buds-Packaged,3.5g Jar,Display,SSAC (C),Jonathan  Shimamura,,0.01,,17334914845519714402,
SRENE - 1/2 Ounce - Space Junky - TESTER,SRE-14.-MYL-SPJ-T,1,0.01,Half Ounce,Marijuana Flowers/Buds-Packaged,14g Mylar,Tester,SSAC (C),Jonathan  Shimamura,,0.01,,17334914845519714402,
VYBZ - 3.5 grams - GovernMint Oasis - DISPLAY,VYB-3.5-MYL-GOO-D,1,0.01,Eighth,Marijuana Flowers/Buds-Packaged,3.5g Mylar,Display,SSAC (C),James Ferrari,,0.01,,17334914845519714402,
VYBZ - 3.5 grams - HoneyDew - TESTER,VYB-3.5-MYL-HOD-T,1,0.01,Eighth,Marijuana Flowers/Buds-Packaged,3.5g Mylar,Tester,SSAC (C),Jonathan  Shimamura,,0.01,0.01,17334914845519714402,
VYBZ - 3.5 grams - Tropicana Acai - DISPLAY,VYB-3.5-MYL-TRA-D,1,0.01,Eighth,Marijuana Flowers/Buds-Packaged,3.5g Mylar,Display,SSAC (C),Jonathan  Shimamura,,0.01,10.0,17334914845519714402,
Trim - Space Junky,SRE-TRM-SPJ,8225,0.01,Gram,Shake/Trim,Bulk Shake/Trim,,SSAC (C),Daniel Maier,,0.00,,17334914845519714402,
Trim - Sin City Funk,SRE-TRM-SCF,781.4,0.00,Gram,Shake/Trim,Bulk Shake/Trim,Wholesale,SSAC (C),Garrett Irwin,,0.00,,17334914845519714402,
Trim - Royale Grape,SRE-TRM-ROG,12265.4,0.00,Gram,Shake/Trim,Bulk Shake/Trim,,SSAC (C),Daniel Maier,,0.00,,17334914845519714402,
Trim - DayStripper,SRE-TRM-DAY,9649,0.00,Gram,Shake/Trim,Bulk Shake/Trim,Wholesale,SSAC (C),James Ferrari,,0.00,,17334914845519714402,
Trim - BioFuel,SRE-TRM-BIF,2366,0.00,Gram,Shake/Trim,Bulk Shake/Trim,,SRENE,Garrett Irwin,,0.00,,17334914845519714402,
Trim - Rose Sorbet,SRE-TRM-ROS,948,0.00,Gram,Shake/Trim,Bulk Shake/Trim,,SSAC (C),Daniel Maier,,0.00,,17334914845519714402,
Trim - Purple Slush,SRE-TRM-PUS,6262.4,0.00,Gram,Shake/Trim,Bulk Shake/Trim,Wholesale,SSAC (C),Garrett Irwin,,0.00,,17334914845519714402,
Trim - Purple Haze,SRE-TRM-PUH,338,0.00,Gram,Shake/Trim,Bulk Shake/Trim,Wholesale,SSAC (C),Garrett Irwin,,0.00,,17334914845519714402,
Trim - O.B.X.,SRE-TRM-OBX,1176,0.00,Gram,Shake/Trim,Bulk Shake/Trim,Wholesale,SRENE,Garrett Irwin,,0.00,,17334914845519714402,
Trim - Melonade,SRE-TRM-MEL,6687.8,0.00,Gram,Shake/Trim,Bulk Shake/Trim,,SSAC (C),Daniel Maier,,0.00,,17334914845519714402,
Trim - Limesicle,SRE-TRM-LIM,3797.4,0.00,Gram,Shake/Trim,Bulk Shake/Trim,,SSAC (C),Daniel Maier,,0.00,,17334914845519714402,
Trim - Lemon Rope,SRE-TRM-LER,3506,0.00,Gram,Shake/Trim,Bulk Shake/Trim,,SSAC (C),Daniel Maier,,0.00,,17334914845519714402,
Trim - Zero Gravity,SRE-TRM-ZEG,1185.6,0.00,Gram,Shake/Trim,Bulk Shake/Trim,,SSAC (C),Daniel Maier,,0.00,,17334914845519714402,
Trim - Tropicana Acai,SRE-TRM-TRA,11886.8,0.00,Gram,Shake/Trim,Bulk Shake/Trim,Wholesale,SRENE,Garrett Irwin,,0.00,,17334914845519714402,
Trim - Stripper Glitter,SRE-TRM-STG,7585.4,0.00,Gram,Shake/Trim,Bulk Shake/Trim,,SSAC (C),Daniel Maier,,0.00,,17334914845519714402,
Trim - GovernMint Oasis,SRE-TRM-GOO,445,0.00,Gram,Shake/Trim,Bulk Shake/Trim,Wholesale,SSAC (C),Garrett Irwin,,0.00,,17334914845519714402,
Trim - Strange Haze #8,SRE-TRM-SH8,5484.2,0.00,Gram,Shake/Trim,Bulk Shake/Trim,Wholesale,SSAC (C),,,0.00,,17334914845519714402,
